order_name,family_name,avibase_id,ebird_species_code,common_name,scientific_name,birds_of_the_world_url,current_body_mass_g,body_mass_g,note
Apodiformes,Trochilidae,AVIBASE-7D8643AF,stream3,Black-billed Streamertail,Trochilus scitulus,https://birdsoftheworld.org/bow/species/stream3/,,,
Apodiformes,Trochilidae,AVIBASE-10787A38,braeme2,Brace's Emerald,Riccordia bracei,https://birdsoftheworld.org/bow/species/braeme2/,,,
Apodiformes,Trochilidae,AVIBASE-B6547FA5,gnbhum2,Copper-tailed Hummingbird,Saucerottia cupreicauda,https://birdsoftheworld.org/bow/species/gnbhum2/,,,
Apodiformes,Trochilidae,AVIBASE-D58197D4,gobsta4,Golden-tailed Starfrontlet,Coeligena eos,https://birdsoftheworld.org/bow/species/gobsta4/,,,
Apodiformes,Trochilidae,AVIBASE-3DC76B80,colinc3,Gould's Inca,Coeligena inca,https://birdsoftheworld.org/bow/species/colinc3/,,,
Apodiformes,Trochilidae,AVIBASE-507994F5,colinc4,Green Inca,Coeligena conradii,https://birdsoftheworld.org/bow/species/colinc4/,,,
Apodiformes,Trochilidae,AVIBASE-7AA56690,amtsun2,Longuemare's Sunangel,Heliangelus clarisse,https://birdsoftheworld.org/bow/species/amtsun2/,,,
Apodiformes,Trochilidae,AVIBASE-DA50B42A,amtsun4,Merida Sunangel,Heliangelus spencei,https://birdsoftheworld.org/bow/species/amtsun4/,,,
Apodiformes,Trochilidae,AVIBASE-ED9636C0,gobsta2,Perija Starfrontlet,Coeligena consita,https://birdsoftheworld.org/bow/species/gobsta2/,,,
Apodiformes,Trochilidae,AVIBASE-A0A70C2E,boorat2,Peruvian Racket-tail,Ocreatus peruanus,https://birdsoftheworld.org/bow/species/boorat2/,,,
Apodiformes,Trochilidae,AVIBASE-3C70A96A,antman3,Puerto Rican Mango,Anthracothorax aurulentus,https://birdsoftheworld.org/bow/species/antman3/,,,
Apodiformes,Trochilidae,AVIBASE-8DF99F2B,rubrat1,Rufous-booted Racket-tail,Ocreatus addae,https://birdsoftheworld.org/bow/species/rubrat1/,,,
Apodiformes,Trochilidae,AVIBASE-74CFA678,brbhum3,Tres Marias Hummingbird,Cynanthus lawrencei,https://birdsoftheworld.org/bow/species/brbhum3/,,,
Bucerotiformes,Bucerotidae,AVIBASE-23FEF54E,bkdhor2,Eastern Dwarf Hornbill,Horizocerus granti,https://birdsoftheworld.org/bow/species/bkdhor2/,,,
Bucerotiformes,Bucerotidae,AVIBASE-EBFEDFB3,whchor4,Eastern Long-tailed Hornbill,Horizocerus cassini,https://birdsoftheworld.org/bow/species/whchor4/,,,
Bucerotiformes,Upupidae,AVIBASE-3EC85674,sthhoo1,St. Helena Hoopoe,Upupa antaios,https://birdsoftheworld.org/bow/species/sthhoo1/,,,
Bucerotiformes,Bucerotidae,AVIBASE-89218876,afphor2,West African Pied Hornbill,Lophoceros semifasciatus,https://birdsoftheworld.org/bow/species/afphor2/,,,
Caprimulgiformes,Caprimulgidae,AVIBASE-CD902871,kaynig1,Chirruping Nightjar,Caprimulgus griseatus,https://birdsoftheworld.org/bow/species/kaynig1/,,,
Caprimulgiformes,Caprimulgidae,AVIBASE-592DBE50,granig3,Hispaniolan Nightjar,Antrostomus ekmani,https://birdsoftheworld.org/bow/species/granig3/,,,
Caprimulgiformes,Caprimulgidae,AVIBASE-07EC934E,jampau,Jamaican Poorwill,Siphonorhis americana,https://birdsoftheworld.org/bow/species/jampau/,,,
Caprimulgiformes,Caprimulgidae,AVIBASE-B408927B,timnig1,Timor Nightjar,Caprimulgus ritae,https://birdsoftheworld.org/bow/species/timnig1/,,,
Coraciiformes,Meropidae,AVIBASE-0AAA530E,grnbee1,African Green Bee-eater,Merops viridissimus,https://birdsoftheworld.org/bow/species/grnbee1/,,,
Coraciiformes,Meropidae,AVIBASE-681DC913,grnbee2,Arabian Green Bee-eater,Merops cyanophrys,https://birdsoftheworld.org/bow/species/grnbee2/,,,
Coraciiformes,Meropidae,AVIBASE-D0C68FE0,bubbee2,Ethiopian Bee-eater,Merops lafresnayii,https://birdsoftheworld.org/bow/species/bubbee2/,,,
Coraciiformes,Alcedinidae,AVIBASE-9C5F80D9,bubkin1,Malaysian Blue-banded Kingfisher,Alcedo peninsulae,https://birdsoftheworld.org/bow/species/bubkin1/,,,
Coraciiformes,Alcedinidae,AVIBASE-0C0CF67B,suldwk1,Sangihe Dwarf Kingfisher,Ceyx sangirensis,https://birdsoftheworld.org/bow/species/suldwk1/,,,
Coraciiformes,Alcedinidae,AVIBASE-E9901CE9,lickin1,Sangihe Lilac Kingfisher,Cittura sanghirensis,https://birdsoftheworld.org/bow/species/lickin1/,,,
Coraciiformes,Alcedinidae,AVIBASE-C7C7C1AE,tuakin2,Tuamotu Kingfisher,Todiramphus gambieri,https://birdsoftheworld.org/bow/species/tuakin2/,,,
Passeriformes,Fringillidae,AVIBASE-9C8662BB,afrcha1,African Chaffinch,Fringilla spodiogenys,https://birdsoftheworld.org/bow/species/afrcha1/,,,
Passeriformes,Hirundinidae,AVIBASE-91315CD4,,African Red-rumped Swallow,Cecropis melanocrissus,https://birdsoftheworld.org/bow/species/rerswa12/,,,
Passeriformes,Acrocephalidae,AVIBASE-43B1D88C,agurew1,Aguiguan Reed Warbler,Acrocephalus nijoi,https://birdsoftheworld.org/bow/species/agurew1/,,,
Passeriformes,Furnariidae,AVIBASE-6CCCB10A,alfgle1,Alagoas Foliage-gleaner,Philydor novaesi,https://birdsoftheworld.org/bow/species/alfgle1/,,,
Passeriformes,Acrocephalidae,AVIBASE-63136DAC,albwar1,Aldabra Brush Warbler,Nesillas aldabrana,https://birdsoftheworld.org/bow/species/albwar1/,,,
Passeriformes,Turdidae,AVIBASE-09CC6AEA,amaui,Amaui,Myadestes woahensis,https://birdsoftheworld.org/bow/species/amaui/,,,
Passeriformes,Tyrannidae,AVIBASE-5423E1F8,gryela2,Amazonian Elaenia,Myiopagis cinerea,https://birdsoftheworld.org/bow/species/gryela2/,,,
Passeriformes,Furnariidae,AVIBASE-DEB6C2E6,plaxen3,Amazonian Plain Xenops,Xenops genibarbis,https://birdsoftheworld.org/bow/species/plaxen3/,,,
Passeriformes,Muscicapidae,AVIBASE-6BE53CFC,ammrot1,Amber Mountain Rock Thrush,Monticola erythronotus,https://birdsoftheworld.org/bow/species/ammrot1/,,,
Passeriformes,Parulidae,AVIBASE-B64C749B,yelwar1,American Yellow Warbler,Setophaga aestiva,,,,
Passeriformes,Tityridae,AVIBASE-73808E99,shlcot2,Andean Laniisoma,Laniisoma buckleyi,https://birdsoftheworld.org/bow/species/shlcot2/,,,
Passeriformes,Pycnonotidae,AVIBASE-C47F378C,whtgre4,Angola Greenbul,Phyllastrephus viridiceps,https://birdsoftheworld.org/bow/species/whtgre4/,,,
Passeriformes,Zosteropidae,AVIBASE-BA056A20,noywhe2,Angola White-eye,Zosterops kasaicus,https://birdsoftheworld.org/bow/species/noywhe2/,,,
Passeriformes,Nectariniidae,AVIBASE-36D2C0CD,shisun4,Arabian Sunbird,Cinnyris hellmayri,https://birdsoftheworld.org/bow/species/shisun4/,,,
Passeriformes,Furnariidae,AVIBASE-C264B15A,whlspi3,Araguaia Spinetail,Synallaxis simoni,https://birdsoftheworld.org/bow/species/whlspi3/,,,
Passeriformes,Onychorhynchidae,AVIBASE-D12A2E74,royfly5,Atlantic Royal Flycatcher,Onychorhynchus swainsoni,https://birdsoftheworld.org/bow/species/royfly5/,,,
Passeriformes,Muscicapidae,AVIBASE-3983013B,norwhe3,Atlas Wheatear,Oenanthe seebohmi,https://birdsoftheworld.org/bow/species/norwhe3/,,,
Passeriformes,Grallariidae,AVIBASE-4ECE7CED,tawant4,Atuen Antpitta,Grallaria atuensis,https://birdsoftheworld.org/bow/species/tawant4/,,,
Passeriformes,Motacillidae,AVIBASE-E353F8BD,auspip2,Australian Pipit,Anthus australis,https://birdsoftheworld.org/bow/species/auspip2/,,,
Passeriformes,Fringillidae,AVIBASE-D77B121C,comcha16,Azores Chaffinch,Fringilla moreletti,https://birdsoftheworld.org/bow/species/comcha16/,,,
Passeriformes,Pachycephalidae,AVIBASE-1F32AD36,yetwhi6,Babar Whistler,Pachycephala sharpei,https://birdsoftheworld.org/bow/species/yetwhi6/,,,
Passeriformes,Meliphagidae,AVIBASE-DA741383,sulmyz3,Bacan Myzomela,Myzomela batjanensis,https://birdsoftheworld.org/bow/species/sulmyz3/,,,
Passeriformes,Tyrannidae,AVIBASE-99C6BEEA,leswat2,Bahia Wagtail-Tyrant,Stigmatura bahiae,https://birdsoftheworld.org/bow/species/leswat2/,,,
Passeriformes,Campephagidae,AVIBASE-F86CDDED,comcic19,Banggai Cicadabird,Edolisoma pelingi,https://birdsoftheworld.org/bow/species/comcic19/,,,
Passeriformes,Pycnonotidae,AVIBASE-21FADED4,sulgob2,Banggai Golden Bulbul,Hypsipetes harterti,https://birdsoftheworld.org/bow/species/sulgob2/,,,
Passeriformes,Passerellidae,AVIBASE-52A41B18,bertow1,Bermuda Towhee,Pipilo naufragus,https://birdsoftheworld.org/bow/species/bertow1/,,,
Passeriformes,Pittidae,AVIBASE-9699DD8E,hoopit11,Biak Hooded Pitta,Pitta rosenbergii,https://birdsoftheworld.org/bow/species/hoopit11/,,,
Passeriformes,Meliphagidae,AVIBASE-5E3027B3,dusmyz2,Biak Myzomela,Myzomela rubrobrunnea,https://birdsoftheworld.org/bow/species/dusmyz2/,,,
Passeriformes,Campephagidae,AVIBASE-1EA7BE48,bkbtri2,Biak Triller,Lalage leucoptera,https://birdsoftheworld.org/bow/species/bkbtri2/,,,
Passeriformes,Timaliidae,AVIBASE-BACD6EA8,chwbab3,Bicolored Babbler,Cyanoderma bicolor,https://birdsoftheworld.org/bow/species/chwbab3/,,,
Passeriformes,Mohoidae,AVIBASE-708DC3B5,bisoo,Bishop's Oo,Moho bishopi,https://birdsoftheworld.org/bow/species/bisoo/,,,
Passeriformes,Campephagidae,AVIBASE-78D4B5A2,,Bismarck Cicadabird,Edolisoma remotum,https://birdsoftheworld.org/bow/species/comcic6/,,,
Passeriformes,Turdidae,AVIBASE-20ED5C7F,,Bismarck Island Thrush,Turdus heinrothi,https://birdsoftheworld.org/bow/species/bisist1/,,,
Passeriformes,Fringillidae,AVIBASE-97746C36,blkmam,Black Mamo,Drepanis funerea,https://birdsoftheworld.org/bow/species/blkmam/,,,
Passeriformes,Oriolidae,AVIBASE-3D1CC341,bacori1,Black-and-crimson Oriole,Oriolus consanguineus,https://birdsoftheworld.org/bow/species/bacori1/,,,
Passeriformes,Conopophagidae,AVIBASE-83F07C79,chbgna3,Black-breasted Gnateater,Conopophaga snethlageae,https://birdsoftheworld.org/bow/species/chbgna3/,,,
Passeriformes,Petroicidae,AVIBASE-0B0E50E0,ashrob2,Black-capped Robin,Heteromyias armiti,https://birdsoftheworld.org/bow/species/ashrob2/,,,
Passeriformes,Passerellidae,AVIBASE-FB4C2D40,yebbru1,Black-fronted Brushfinch,Atlapetes nigrifrons,,,,
Passeriformes,Thraupidae,AVIBASE-13B672C6,bkhtan2,Black-hooded Tanager,Stilpnia whitelyi,,,,
Passeriformes,Parulidae,AVIBASE-CF65BB25,masyel4,Black-lored Yellowthroat,Geothlypis auricularis,https://birdsoftheworld.org/bow/species/masyel4/,,,
Passeriformes,Tyrannidae,AVIBASE-DEB8EAC8,slbcht1,Blackish Chat-Tyrant,Ochthoeca nigrita,https://birdsoftheworld.org/bow/species/slbcht1/,,,
Passeriformes,Chloropseidae,AVIBASE-47CF4ED7,blwlea1,Blue-winged Leafbird,Chloropsis moluccensis,https://birdsoftheworld.org/bow/species/blwlea1/,,,
Passeriformes,Fringillidae,AVIBASE-0DD36226,bongro1,Bonin Grosbeak,Carpodacus ferreorostris,https://birdsoftheworld.org/bow/species/bongro1/,,,
Passeriformes,Turdidae,AVIBASE-A183D8C2,bonthr2,Bonin Thrush,Zoothera terrestris,https://birdsoftheworld.org/bow/species/bonthr2/,,,
Passeriformes,Corvidae,AVIBASE-93908467,blkmag2,Bornean Black Magpie,Platysmurus aterrimus,https://birdsoftheworld.org/bow/species/blkmag2/,,,
Passeriformes,Pellorneidae,AVIBASE-2510ED3A,bbcbab1,Bornean Black-capped Babbler,Pellorneum capistratoides,https://birdsoftheworld.org/bow/species/bbcbab1/,,,
Passeriformes,Muscicapidae,AVIBASE-B87B3B02,whcfor3,Bornean Forktail,Enicurus borneensis,https://birdsoftheworld.org/bow/species/whcfor3/,,,
Passeriformes,Muscicapidae,AVIBASE-1599A511,whbsho8,Bornean Shortwing,Brachypteryx erythrogyna,https://birdsoftheworld.org/bow/species/whbsho8/,,,
Passeriformes,Turdidae,AVIBASE-203DAC8F,islthr48,Bougainville Island Thrush,Turdus bougainvillei,https://birdsoftheworld.org/bow/species/islthr48/,,,
Passeriformes,Zosteropidae,AVIBASE-15A2A9E8,gytwhe2,Bougainville White-eye,Zosterops hamlini,https://birdsoftheworld.org/bow/species/gytwhe2/,,,
Passeriformes,Grallariidae,AVIBASE-0416064D,tawant2,Boyaca Antpitta,Grallaria alticola,https://birdsoftheworld.org/bow/species/tawant2/,,,
Passeriformes,Icteridae,AVIBASE-C21B323A,brocow2,Bronze-brown Cowbird,Molothrus armenti,,,,
Passeriformes,Timaliidae,AVIBASE-65875E25,bncscb1,Brown-crowned Scimitar Babbler,Pomatorhinus phayrei,https://birdsoftheworld.org/bow/species/bncscb1/,,,
Passeriformes,Paradoxornithidae,AVIBASE-5D7C768F,bnwpar2,Brown-winged Parrotbill,Suthora brunnea,https://birdsoftheworld.org/bow/species/bnwpar2/,,,
Passeriformes,Acanthisittidae,AVIBASE-9232F027,buswre1,Bushwren,Xenicus longipes,https://birdsoftheworld.org/bow/species/buswre1/,,,
Passeriformes,Zosteropidae,AVIBASE-9E174B20,bkcbab3,Calabarzon Babbler,Sterrhoptilus affinis,https://birdsoftheworld.org/bow/species/bkcbab3/,,,
Passeriformes,Dicaeidae,AVIBASE-8C11AB08,fibflo3,Cambodian Flowerpecker,Dicaeum cambodianum,https://birdsoftheworld.org/bow/species/fibflo3/,,,
Passeriformes,Pycnonotidae,AVIBASE-24F99A8F,yelbul4,Camiguin Bulbul,Hypsipetes catarmanensis,https://birdsoftheworld.org/bow/species/yelbul4/,,,
Passeriformes,Fringillidae,AVIBASE-1E2D705D,caicha1,Canary Islands Chaffinch,Fringilla canariensis,https://birdsoftheworld.org/bow/species/caicha1/,,,
Passeriformes,Furnariidae,AVIBASE-F335951B,palhor5,Caribbean Hornero,Furnarius longirostris,https://birdsoftheworld.org/bow/species/palhor5/,,,
Passeriformes,Thraupidae,AVIBASE-96D6BCC9,bubmot4,Carriker's Mountain Tanager,Dubusia carrikeri,,,,
Passeriformes,Campephagidae,AVIBASE-F7EBE5E3,,Central Melanesian Cicadabird,Edolisoma erythropygium,https://birdsoftheworld.org/bow/species/cemcic1/,,,
Passeriformes,Meliphagidae,AVIBASE-9AA8B692,chibel1,Chatham Islands Bellbird,Anthornis melanocephala,https://birdsoftheworld.org/bow/species/chibel1/,,,
Passeriformes,Locustellidae,AVIBASE-A0CF86E4,chifer1,Chatham Islands Fernbird,Poodytes rufescens,https://birdsoftheworld.org/bow/species/chifer1/,,,
Passeriformes,Ploceidae,AVIBASE-3F347626,viewea2,Chestnut-and-black Weaver,Ploceus castaneofuscus,https://birdsoftheworld.org/bow/species/viewea2/,,,
Passeriformes,Icteridae,AVIBASE-F707BD5F,lilmea2,Chihuahuan Meadowlark,Sturnella lilianae,https://birdsoftheworld.org/bow/species/lilmea2/,,,
Passeriformes,Muscicapidae,AVIBASE-ACBC2BB0,vivnil2,Chinese Vivid Niltava,Niltava oatesi,https://birdsoftheworld.org/bow/species/vivnil2/,,,
Passeriformes,Passerellidae,AVIBASE-14D41E23,tribrf1,Choco Brushfinch,Atlapetes crassus,https://birdsoftheworld.org/bow/species/tribrf1/,,,
Passeriformes,Tyrannidae,AVIBASE-9D2A5860,gryela1,Choco Elaenia,Myiopagis parambae,https://birdsoftheworld.org/bow/species/gryela1/,,,
Passeriformes,Pipridae,AVIBASE-DFF33128,grnman1,Choco Manakin,Cryptopipo litae,https://birdsoftheworld.org/bow/species/grnman1/,,,
Passeriformes,Parulidae,AVIBASE-3A4B5A93,gobwar4,Choco Warbler,Myiothlypis chlorophrys,https://birdsoftheworld.org/bow/species/gobwar4/,,,
Passeriformes,Turdidae,AVIBASE-ED63FBAB,islthr9,Christmas Island Thrush,Turdus erythropleurus,https://birdsoftheworld.org/bow/species/islthr9/,,,
Passeriformes,Vangidae,AVIBASE-AF4CF9F8,bluvan2,Comoro Blue Vanga,Cyanolanius comorensis,https://birdsoftheworld.org/bow/species/bluvan2/,,,
Passeriformes,Troglodytidae,AVIBASE-5506AF3C,houwre3,Cozumel Wren,Troglodytes beani,https://birdsoftheworld.org/bow/species/houwre3/,,,
Passeriformes,Muscicapidae,AVIBASE-739B1664,chtjuf4,Crocker Jungle Flycatcher,Cyornis ruficrissa,https://birdsoftheworld.org/bow/species/chtjuf4/,,,
Passeriformes,Tyrannidae,AVIBASE-E6401100,crocht2,Crowned Chat-Tyrant,Silvicultrix frontalis,,,,
Passeriformes,Tityridae,AVIBASE-7CF1D272,bawbec6,Cryptic Becard,Pachyramphus salvini,https://birdsoftheworld.org/bow/species/bawbec6/,,,
Passeriformes,Furnariidae,AVIBASE-EE612071,crytre1,Cryptic Treehunter,Cichlocolaptes mazarbarnetti,https://birdsoftheworld.org/bow/species/crytre1/,,,
Passeriformes,Corvidae,AVIBASE-E791045B,cupcro1,Cuban Palm Crow,Corvus minutus,https://birdsoftheworld.org/bow/species/cupcro1/,,,
Passeriformes,Turdidae,AVIBASE-E31352FA,whtthr2,Dagua Thrush,Turdus daguae,,,,
Passeriformes,Furnariidae,AVIBASE-2E0A1312,crbcan4,Dark-winged Canastero,Asthenes arequipae,,,,
Passeriformes,Pittidae,AVIBASE-0905824C,eahpit1,Eastern Hooded Pitta,Pitta novaeguineae,https://birdsoftheworld.org/bow/species/eahpit1/,,,
Passeriformes,Paradisaeidae,AVIBASE-EDEAF400,lawpar2,Eastern Parotia,Parotia helenae,https://birdsoftheworld.org/bow/species/lawpar2/,,,
Passeriformes,Turdidae,AVIBASE-6B75CDBA,relthr3,Eastern Red-legged Thrush,Turdus ardosiaceus,,,,
Passeriformes,Cardinalidae,AVIBASE-9551017F,blusee4,Ecuadorian Seedeater,Amaurospiza aequatorialis,https://birdsoftheworld.org/bow/species/blusee4/,,,
Passeriformes,Monarchidae,AVIBASE-4E66CF41,eiamon1,Eiao Monarch,Pomarea fluxa,https://birdsoftheworld.org/bow/species/eiamon1/,,,
Passeriformes,Turdidae,AVIBASE-E8E2ED6D,grothr2,Ethiopian Thrush,Turdus simensis,https://birdsoftheworld.org/bow/species/grothr2/,,,
Passeriformes,Hirundinidae,AVIBASE-B4967714,rerswa8,European Red-rumped Swallow,Cecropis rufula,https://birdsoftheworld.org/bow/species/rerswa8/,,,
Passeriformes,Paradoxornithidae,AVIBASE-549E06B6,bnwpar1,Eye-ringed Parrotbill,Suthora ricketti,https://birdsoftheworld.org/bow/species/bnwpar1/,,,
Passeriformes,Furnariidae,AVIBASE-82B02D55,butfog9,Fawn-throated Foliage-gleaner,Automolus cervinigularis,https://birdsoftheworld.org/bow/species/butfog9/,,,
Passeriformes,Turdidae,AVIBASE-14BDF7A6,,Fiji Island Thrush,Turdus ruficeps,https://birdsoftheworld.org/bow/species/fijist1/,,,
Passeriformes,Rhipiduridae,AVIBASE-B4E4EA8D,fisfan1,Fiji Streaked Fantail,Rhipidura layardi,https://birdsoftheworld.org/bow/species/fisfan1/,,,
Passeriformes,Dicaeidae,AVIBASE-6C9DF46C,fibflo4,Fire-throated Flowerpecker,Dicaeum luzoniense,https://birdsoftheworld.org/bow/species/fibflo4/,,,
Passeriformes,Dicaeidae,AVIBASE-0C55C543,flcflo3,Flame-crowned Flowerpecker,Dicaeum kampalili,https://birdsoftheworld.org/bow/species/flcflo3/,,,
Passeriformes,Dicaeidae,AVIBASE-3C3C5EE8,blbflo6,Flores Flowerpecker,Dicaeum rhodopygiale,https://birdsoftheworld.org/bow/species/blbflo6/,,,
Passeriformes,Muscicapidae,AVIBASE-B69E7CB5,flojuf2,Flores Jungle Flycatcher,Eumyias oscillans,https://birdsoftheworld.org/bow/species/flojuf2/,,,
Passeriformes,Nectariniidae,AVIBASE-10FCE777,olbsun8,Flores Sea Sunbird,Cinnyris teysmanni,https://birdsoftheworld.org/bow/species/olbsun8/,,,
Passeriformes,Muscicapidae,AVIBASE-3353BA88,whbsho11,Flores Shortwing,Brachypteryx floris,https://birdsoftheworld.org/bow/species/whbsho11/,,,
Passeriformes,Acrocephalidae,AVIBASE-05C1A470,soirew1,Garrett's Reed Warbler,Acrocephalus musae,https://birdsoftheworld.org/bow/species/soirew1/,,,
Passeriformes,Campephagidae,AVIBASE-F278C879,comcic4,Geelvink Cicadabird,Edolisoma meyerii,https://birdsoftheworld.org/bow/species/comcic4/,,,
Passeriformes,Rhipiduridae,AVIBASE-E7A27B20,ruffan3,Gilolo Fantail,Rhipidura torrida,https://birdsoftheworld.org/bow/species/ruffan3/,,,
Passeriformes,Nectariniidae,AVIBASE-375BAF53,beasun3,Gorgeous Sunbird,Cinnyris melanogastrus,https://birdsoftheworld.org/bow/species/beasun3/,,,
Passeriformes,Thraupidae,AVIBASE-ABF0B698,cubbul3,Grand Cayman Bullfinch,Melopyrrha taylori,https://birdsoftheworld.org/bow/species/cubbul3/,,,
Passeriformes,Turdidae,AVIBASE-25D8B98B,grcthr1,Grand Cayman Thrush,Turdus ravidus,https://birdsoftheworld.org/bow/species/grcthr1/,,,
Passeriformes,Fringillidae,AVIBASE-8FE1196F,greama,Greater Amakihi,Viridonia sagittirostris,https://birdsoftheworld.org/bow/species/greama/,,,
Passeriformes,Fringillidae,AVIBASE-58F9A637,grkfin,Greater Koa Finch,Rhodacanthis palmeri,https://birdsoftheworld.org/bow/species/grkfin/,,,
Passeriformes,Paradisaeidae,AVIBASE-0B08DF8F,,Greater Lophorina,Lophorina latipennis,https://birdsoftheworld.org/bow/species/grsbop1/,,,
Passeriformes,Troglodytidae,AVIBASE-80159DD8,houwre11,Grenada Wren,Troglodytes grenadensis,https://birdsoftheworld.org/bow/species/houwre11/,,,
Passeriformes,Troglodytidae,AVIBASE-92A6502D,pltwre3,Grey-browed Wren,Pheugopedius schulenbergi,https://birdsoftheworld.org/bow/species/pltwre3/,,,
Passeriformes,Nectariniidae,AVIBASE-35A2CCDF,grnsun2,Grey-chinned Sunbird,Anthreptes tephrolaemus,https://birdsoftheworld.org/bow/species/grnsun2/,,,
Passeriformes,Fringillidae,AVIBASE-9BDBCD7F,eurgol2,Grey-crowned Goldfinch,Carduelis caniceps,https://birdsoftheworld.org/bow/species/eurgol2/,,,
Passeriformes,Passerellidae,AVIBASE-A93FF062,whegrs1,Grey-crowned Ground Sparrow,Melozone occipitalis,,,,
Passeriformes,Eurylaimidae,AVIBASE-098E40F1,sibbro2,Grey-lored Broadbill,Serilophus rubropygius,https://birdsoftheworld.org/bow/species/sibbro2/,,,
Passeriformes,Turdidae,AVIBASE-8C5759C5,grothr1,Groundscraper Thrush,Turdus litsitsirupa,https://birdsoftheworld.org/bow/species/grothr1/,,,
Passeriformes,Rhipiduridae,AVIBASE-F3460FF2,brnfan2,Guadalcanal Fantail,Rhipidura ocularis,https://birdsoftheworld.org/bow/species/brnfan2/,,,
Passeriformes,Turdidae,AVIBASE-601693AE,,Guadalcanal Island Thrush,Turdus kulambangrae,https://birdsoftheworld.org/bow/species/solist1/,,,
Passeriformes,Locustellidae,AVIBASE-7742FBED,guathi1,Guadalcanal Thicketbird,Cincloramphus turipavae,https://birdsoftheworld.org/bow/species/guathi1/,,,
Passeriformes,Zosteropidae,AVIBASE-E45772D3,gytwhe4,Guadalcanal White-eye,Zosterops oblitus,https://birdsoftheworld.org/bow/species/gytwhe4/,,,
Passeriformes,Monarchidae,AVIBASE-20D6AE5B,guafly1,Guam Flycatcher,Myiagra freycineti,https://birdsoftheworld.org/bow/species/guafly1/,,,
Passeriformes,Vireonidae,AVIBASE-54F7D0B2,tacgre5,Guianan Greenlet,Tunchiornis luteifrons,,,,
Passeriformes,Fringillidae,AVIBASE-D7D0A5F1,hawmam1,Hawaii Mamo,Drepanis pacifica,https://birdsoftheworld.org/bow/species/hawmam1/,,,
Passeriformes,Mohoidae,AVIBASE-07958FE0,hawoo,Hawaii Oo,Moho nobilis,https://birdsoftheworld.org/bow/species/hawoo/,,,
Passeriformes,Alaudidae,AVIBASE-B3C302A3,,Highland Lark,Corypha kurrae,https://birdsoftheworld.org/bow/species/higlar1/,,,
Passeriformes,Tyrannidae,AVIBASE-A52D80A1,graela4,Hispaniolan Elaenia,Elaenia cherriei,,,,
Passeriformes,Sturnidae,AVIBASE-2AF0BD16,reusta1,Hoopoe Starling,Fregilupus varius,https://birdsoftheworld.org/bow/species/reusta1/,,,
Passeriformes,Cisticolidae,AVIBASE-4276CE06,rolcis4,Huambo Cisticola,Cisticola bailunduensis,https://birdsoftheworld.org/bow/species/rolcis4/,,,
Passeriformes,Callaeidae,AVIBASE-7C2EB5FF,huia1,Huia,Heteralocha acutirostris,https://birdsoftheworld.org/bow/species/huia1/,,,
Passeriformes,Thraupidae,AVIBASE-710FF96C,ibesee1,Ibera Seedeater,Sporophila iberaensis,https://birdsoftheworld.org/bow/species/ibesee1/,,,
Passeriformes,Thraupidae,AVIBASE-543A1887,saptan1,Inti Tanager,Heliothraupis oneilli,https://birdsoftheworld.org/bow/species/saptan1/,,,
Passeriformes,Muscicapidae,AVIBASE-20940C94,japrob3,Izu Robin,Larvivora tanensis,https://birdsoftheworld.org/bow/species/japrob3/,,,
Passeriformes,Sturnidae,AVIBASE-6BF56F5F,aspsta3,Javan Pied Myna,Gracupica jalla,https://birdsoftheworld.org/bow/species/aspsta3/,,,
Passeriformes,Zosteropidae,AVIBASE-52C60399,,Kafa White-eye,Zosterops kaffensis,https://birdsoftheworld.org/bow/species/kafwhe1/,,,
Passeriformes,Fringillidae,AVIBASE-3DB0103D,kakawa,Kakawahie,Paroreomyza flammea,https://birdsoftheworld.org/bow/species/kakawa/,,,
Passeriformes,Muscicapidae,AVIBASE-0A57AF48,subfly5,Kalao Blue Flycatcher,Cyornis kalaoensis,https://birdsoftheworld.org/bow/species/subfly5/,,,
Passeriformes,Troglodytidae,AVIBASE-1744CF2F,,Kalinago Wren,Troglodytes martinicensis,https://birdsoftheworld.org/bow/species/cinwre1/,,,
Passeriformes,Tyrannidae,AVIBASE-AAD5AA5F,crocht3,Kalinowski's Chat-Tyrant,Silvicultrix spodionota,,,,
Passeriformes,Turdidae,AVIBASE-2641F161,kamao,Kamao,Myadestes myadestinus,https://birdsoftheworld.org/bow/species/kamao/,,,
Passeriformes,Muscicapidae,AVIBASE-B3830C82,whrsha11,Kangean Shama,Copsychus nigricauda,https://birdsoftheworld.org/bow/species/whrsha11/,,,
Passeriformes,Timaliidae,AVIBASE-C468218F,gyctib3,Kangean Tit-Babbler,Mixornis prillwitzi,https://birdsoftheworld.org/bow/species/gyctib3/,,,
Passeriformes,Fringillidae,AVIBASE-B50DDCA2,greaki4,Kauai Akialoa,Akialoa stejnegeri,https://birdsoftheworld.org/bow/species/greaki4/,,,
Passeriformes,Mohoidae,AVIBASE-D4D46BE5,kauoo,Kauai Oo,Moho braccatus,https://birdsoftheworld.org/bow/species/kauoo/,,,
Passeriformes,Alaudidae,AVIBASE-724BF4FF,,Kidepo Lark,Corypha kidepoensis,https://birdsoftheworld.org/bow/species/kidlar1/,,,
Passeriformes,Pycnonotidae,AVIBASE-1EEE86B8,easmog5,Kikuyu Mountain Greenbul,Arizelocichla kikuyuensis,https://birdsoftheworld.org/bow/species/easmog5/,,,
Passeriformes,Mohoidae,AVIBASE-511F5AF7,kioea,Kioea,Chaetoptila angustipluma,https://birdsoftheworld.org/bow/species/kioea/,,,
Passeriformes,Fringillidae,AVIBASE-16AF165D,kongro,Kona Grosbeak,Chloridops kona,https://birdsoftheworld.org/bow/species/kongro/,,,
Passeriformes,Sturnidae,AVIBASE-0A341459,kossta1,Kosrae Starling,Aplonis corvina,https://birdsoftheworld.org/bow/species/kossta1/,,,
Passeriformes,Fringillidae,AVIBASE-544B1381,lanhoo,Lanai Hookbill,Dysmorodrepanis munroi,https://birdsoftheworld.org/bow/species/lanhoo/,,,
Passeriformes,Muscicapidae,AVIBASE-777915C4,,Larwo Shama,Copsychus omissus,https://birdsoftheworld.org/bow/species/larsha1/,,,
Passeriformes,Fringillidae,AVIBASE-4309F417,apapan2,Laysan Honeycreeper,Himatione fraithii,https://birdsoftheworld.org/bow/species/apapan2/,,,
Passeriformes,Fringillidae,AVIBASE-67049C23,lesaki,Lesser Akialoa,Akialoa obscura,https://birdsoftheworld.org/bow/species/lesaki/,,,
Passeriformes,Fringillidae,AVIBASE-3A3120CE,anteup4,Lesser Antillean Euphonia,Chlorophonia flavifrons,https://birdsoftheworld.org/bow/species/anteup4/,,,
Passeriformes,Fringillidae,AVIBASE-8C3D2DCA,lekfin,Lesser Koa Finch,Rhodacanthis flaviceps,https://birdsoftheworld.org/bow/species/lekfin/,,,
Passeriformes,Meliphagidae,AVIBASE-5F44043D,recmyz3,Long-billed Myzomela,Myzomela longirostris,https://birdsoftheworld.org/bow/species/recmyz3/,,,
Passeriformes,Acanthizidae,AVIBASE-D7A97007,lohger1,Lord Howe Gerygone,Gerygone insularis,https://birdsoftheworld.org/bow/species/lohger1/,,,
Passeriformes,Rhipiduridae,AVIBASE-EE8D9BC5,ruffan4,Louisiade Fantail,Rhipidura louisiadensis,https://birdsoftheworld.org/bow/species/ruffan4/,,,
Passeriformes,Monarchidae,AVIBASE-7E84A578,spemon10,Louisiade Monarch,Symposiachrus melanopterus,https://birdsoftheworld.org/bow/species/spemon10/,,,
Passeriformes,Turdidae,AVIBASE-888E74BE,islthr28,Loyalty Island Thrush,Turdus pritzbueri,https://birdsoftheworld.org/bow/species/islthr28/,,,
Passeriformes,Turdidae,AVIBASE-597CFEB6,islthr36,Luzon Island Thrush,Turdus thomassoni,https://birdsoftheworld.org/bow/species/islthr36/,,,
Passeriformes,Acanthisittidae,AVIBASE-174E5BDB,stiwre1,Lyall's Wren,Traversia lyalli,https://birdsoftheworld.org/bow/species/stiwre1/,,,
Passeriformes,Cisticolidae,AVIBASE-52B4F230,waicis2,Lynes's Cisticola,Cisticola distinctus,https://birdsoftheworld.org/bow/species/waicis2/,,,
Passeriformes,Cisticolidae,AVIBASE-DCA0028B,karapa3,Maasai Apalis,Apalis stronachi,https://birdsoftheworld.org/bow/species/karapa3/,,,
Passeriformes,Hirundinidae,AVIBASE-D9F712D6,plamar3,Madagascar Martin,Riparia cowani,https://birdsoftheworld.org/bow/species/plamar3/,,,
Passeriformes,Fringillidae,AVIBASE-3F80A0BC,comcha17,Madeira Chaffinch,Fringilla maderensis,https://birdsoftheworld.org/bow/species/comcha17/,,,
Passeriformes,Campephagidae,AVIBASE-954B1F89,solcuc4,Malaita Cicadabird,Edolisoma tricolor,https://birdsoftheworld.org/bow/species/solcuc4/,,,
Passeriformes,Monarchidae,AVIBASE-7E685EB2,bawmon4,Malaita Monarch,Symposiachrus malaitae,https://birdsoftheworld.org/bow/species/bawmon4/,,,
Passeriformes,Platysteiridae,AVIBASE-F2A919A8,capbat2,Malawi Batis,Batis dimorpha,https://birdsoftheworld.org/bow/species/capbat2/,,,
Passeriformes,Pellorneidae,AVIBASE-C6F6347F,bkcbab1,Malayan Black-capped Babbler,Pellorneum nigrocapitatum,https://birdsoftheworld.org/bow/species/bkcbab1/,,,
Passeriformes,Campephagidae,AVIBASE-7AD69B67,larcuc3,Malayan Cuckooshrike,Coracina larutensis,https://birdsoftheworld.org/bow/species/larcuc3/,,,
Passeriformes,Nectariniidae,AVIBASE-B9D5E209,olbsun9,Mamberamo Sunbird,Cinnyris idenburgi,https://birdsoftheworld.org/bow/species/olbsun9/,,,
Passeriformes,Acrocephalidae,AVIBASE-0605561F,manrew2,Mangareva Reed Warbler,Acrocephalus astrolabii,https://birdsoftheworld.org/bow/species/manrew2/,,,
Passeriformes,Thamnophilidae,AVIBASE-ACBE5FB2,colant3,Maranon Antshrike,Thamnophilus shumbae,,,,
Passeriformes,Polioptilidae,AVIBASE-A039EC13,trogna3,Maranon Gnatcatcher,Polioptila maior,https://birdsoftheworld.org/bow/species/trogna3/,,,
Passeriformes,Passerellidae,AVIBASE-32C316F9,bkcspa2,Maranon Sparrow,Arremon nigriceps,https://birdsoftheworld.org/bow/species/bkcspa2/,,,
Passeriformes,Tyrannidae,AVIBASE-6B61BE45,moctyr4,Maranon Tyrannulet,Nesotriccus maranonicus,https://birdsoftheworld.org/bow/species/moctyr4/,,,
Passeriformes,Muscicapidae,AVIBASE-F413CC24,whrsha17,Maratua Shama,Copsychus barbouri,https://birdsoftheworld.org/bow/species/whrsha17/,,,
Passeriformes,Zosteropidae,AVIBASE-28A814F4,marwhe1,Marianne White-eye,Zosterops semiflavus,https://birdsoftheworld.org/bow/species/marwhe1/,,,
Passeriformes,Tyrannidae,AVIBASE-DAF56766,slbcht3,Maroon-belted Chat-Tyrant,Ochthoeca thoracica,https://birdsoftheworld.org/bow/species/slbcht3/,,,
Passeriformes,Emberizidae,AVIBASE-BB80BD82,bkfbun2,Masked Bunting,Emberiza personata,https://birdsoftheworld.org/bow/species/bkfbun2/,,,
Passeriformes,Fringillidae,AVIBASE-CA33F844,greaki3,Maui-nui Akialoa,Akialoa lanaiensis,https://birdsoftheworld.org/bow/species/greaki3/,,,
Passeriformes,Sturnidae,AVIBASE-98C34B37,myssta1,Mauke Starling,Aplonis mavornata,https://birdsoftheworld.org/bow/species/myssta1/,,,
Passeriformes,Monarchidae,AVIBASE-57570D50,maumon1,Maupiti Monarch,Pomarea maupitiensis,https://birdsoftheworld.org/bow/species/maumon1/,,,
Passeriformes,Muscicapidae,AVIBASE-69456178,merjuf1,Meratus Blue Flycatcher,Cyornis kadayangensis,https://birdsoftheworld.org/bow/species/merjuf1/,,,
Passeriformes,Zosteropidae,AVIBASE-A8E088F0,merwhe1,Meratus White-eye,Zosterops meratusensis,https://birdsoftheworld.org/bow/species/merwhe1/,,,
Passeriformes,Rhipiduridae,AVIBASE-2F3E70A0,mirfan1,Micronesian Rufous Fantail,Rhipidura versicolor,https://birdsoftheworld.org/bow/species/mirfan1/,,,
Passeriformes,Meliphagidae,AVIBASE-9AEF905F,,Mimic Honeyeater,Meliphaga analoga,https://birdsoftheworld.org/bow/species/mimhon1/,,,
Passeriformes,Pittidae,AVIBASE-A9B27948,hoopit8,Minahasa Hooded Pitta,Pitta forsteni,https://birdsoftheworld.org/bow/species/hoopit8/,,,
Passeriformes,Campephagidae,AVIBASE-55C503F3,,Mindanao Cuckooshrike,Coracina kochii,https://birdsoftheworld.org/bow/species/mincuc1/,,,
Passeriformes,Fringillidae,AVIBASE-1513D718,mouser3,Mindanao Serin,Chrysocorythus mindanensis,https://birdsoftheworld.org/bow/species/mouser3/,,,
Passeriformes,Campephagidae,AVIBASE-E35E4F33,babcuc19,Mindoro Cuckooshrike,Coracina mindorensis,https://birdsoftheworld.org/bow/species/babcuc19/,,,
Passeriformes,Turdidae,AVIBASE-3DCE5A2C,islthr22,Mindoro Island Thrush,Turdus mindorensis,https://birdsoftheworld.org/bow/species/islthr22/,,,
Passeriformes,Monarchidae,AVIBASE-E61D0D04,,Moluccan Monarch,Symposiachrus bimaculatus,,,,
Passeriformes,Meliphagidae,AVIBASE-9A3DA80E,dusmyz4,Moluccan Myzomela,Myzomela simplex,https://birdsoftheworld.org/bow/species/dusmyz4/,,,
Passeriformes,Zosteropidae,AVIBASE-E39A9AAB,crtwhe2,Morotai White-eye,Zosterops dehaani,https://birdsoftheworld.org/bow/species/crtwhe2/,,,
Passeriformes,Meliphagidae,AVIBASE-BB78BB28,,Mottle-breasted Honeyeater,Meliphaga mimikae,https://birdsoftheworld.org/bow/species/spbmel1/,,,
Passeriformes,Furnariidae,AVIBASE-3B21E1E3,lotwoo5,Mournful Long-tailed Woodcreeper,Deconychura pallida,https://birdsoftheworld.org/bow/species/lotwoo5/,,,
Passeriformes,Tyrannidae,AVIBASE-17E6282F,y01204,Mouse-colored Tyrannulet,Nesotriccus murinus,https://birdsoftheworld.org/bow/species/y01204/,,,
Passeriformes,Tyrannidae,AVIBASE-3CD56839,brcfly4,Mouse-grey Flycatcher,Myiophobus crypterythrus,https://birdsoftheworld.org/bow/species/brcfly4/,,,
Passeriformes,Turdidae,AVIBASE-3AA42F18,,Negros Island Thrush,Turdus nigrorum,https://birdsoftheworld.org/bow/species/minist1/,,,
Passeriformes,Phylloscopidae,AVIBASE-AE9B0CE7,mouwar4,Negros Leaf Warbler,Phylloscopus nigrorum,https://birdsoftheworld.org/bow/species/mouwar4/,,,
Passeriformes,Pachycephalidae,AVIBASE-7994B923,temwhi2,Nendo Whistler,Pachycephala ornata,https://birdsoftheworld.org/bow/species/temwhi2/,,,
Passeriformes,Turdidae,AVIBASE-BAA5995B,islthr40,New Caledonian Island Thrush,Turdus xanthopus,https://birdsoftheworld.org/bow/species/islthr40/,,,
Passeriformes,Pittidae,AVIBASE-AC372BCE,hoopit4,Nicobar Hooded Pitta,Pitta abbotti,https://birdsoftheworld.org/bow/species/hoopit4/,,,
Passeriformes,Acrocephalidae,AVIBASE-EC92E596,nigrew1,Nightingale Reed Warbler,Acrocephalus luscinius,https://birdsoftheworld.org/bow/species/nigrew1/,,,
Passeriformes,Oriolidae,AVIBASE-BF367578,noipio1,North Island Piopio,Turnagra tanagra,https://birdsoftheworld.org/bow/species/noipio1/,,,
Passeriformes,Campephagidae,AVIBASE-07786EA4,,North Moluccan Cicadabird,Edolisoma grayi,https://birdsoftheworld.org/bow/species/nomcic1/,,,
Passeriformes,Troglodytidae,AVIBASE-EC974AC4,chbwre2,Northern Chestnut-breasted Wren,Cyphorhinus dichrous,https://birdsoftheworld.org/bow/species/chbwre2/,,,
Passeriformes,Furnariidae,AVIBASE-31CEF156,plaxen2,Northern Plain Xenops,Xenops mexicanus,https://birdsoftheworld.org/bow/species/plaxen2/,,,
Passeriformes,Falcunculidae,AVIBASE-C5673F5E,cresht3,Northern Shriketit,Falcunculus whitei,https://birdsoftheworld.org/bow/species/cresht3/,,,
Passeriformes,Tyrannidae,AVIBASE-784D06AC,tropew4,Northern Tropical Pewee,Contopus bogotensis,https://birdsoftheworld.org/bow/species/tropew4/,,,
Passeriformes,Thamnophilidae,AVIBASE-E62C5695,whfant4,Northern White-fringed Antwren,Formicivora intermedia,https://birdsoftheworld.org/bow/species/whfant4/,,,
Passeriformes,Monarchidae,AVIBASE-20DE8C44,nuhmon1,Nuku Hiva Monarch,Pomarea nukuhivae,https://birdsoftheworld.org/bow/species/nuhmon1/,,,
Passeriformes,Fringillidae,AVIBASE-AF12BC31,akepa2,Oahu Akepa,Loxops wolstenholmei,https://birdsoftheworld.org/bow/species/akepa2/,,,
Passeriformes,Fringillidae,AVIBASE-F131E02A,greaki2,Oahu Akialoa,Akialoa ellisiana,https://birdsoftheworld.org/bow/species/greaki2/,,,
Passeriformes,Fringillidae,AVIBASE-2019D40E,nukupu3,Oahu Nukupuu,Hemignathus lucidus,https://birdsoftheworld.org/bow/species/nukupu3/,,,
Passeriformes,Mohoidae,AVIBASE-A9D4B4FA,oahoo,Oahu Oo,Moho apicalis,https://birdsoftheworld.org/bow/species/oahoo/,,,
Passeriformes,Campephagidae,AVIBASE-AFA19DEF,comcic20,Obi Cicadabird,Edolisoma obiense,https://birdsoftheworld.org/bow/species/comcic20/,,,
Passeriformes,Paradisaeidae,AVIBASE-4BD91D48,paradi3,Obi Paradise-crow,Lycocorax obiensis,https://birdsoftheworld.org/bow/species/paradi3/,,,
Passeriformes,Muscicapidae,AVIBASE-742C395C,ryurob3,Okinawa Robin,Larvivora namiyei,https://birdsoftheworld.org/bow/species/ryurob3/,,,
Passeriformes,Muscicapidae,AVIBASE-E3760281,forrob6,Olive-backed Forest Robin,Stiphrornis pyrrholaemus,https://birdsoftheworld.org/bow/species/forrob6/,,,
Passeriformes,Tyrannidae,AVIBASE-737A9431,yebfly4,Olive-faced Flatbill,Tolmomyias viridiceps,https://birdsoftheworld.org/bow/species/yebfly4/,,,
Passeriformes,Pycnonotidae,AVIBASE-9A80B57C,,Olive-headed Greenbul,Arizelocichla striifacies,https://birdsoftheworld.org/bow/species/stfgre1/,,,
Passeriformes,Ploceidae,AVIBASE-2D3998EE,bknwea1,Olive-naped Weaver,Ploceus brachypterus,https://birdsoftheworld.org/bow/species/bknwea1/,,,
Passeriformes,Nectariniidae,AVIBASE-8885A375,olbsun4,Ornate Sunbird,Cinnyris ornatus,https://birdsoftheworld.org/bow/species/olbsun4/,,,
Passeriformes,Furnariidae,AVIBASE-09CA444F,palhor4,Pacific Hornero,Furnarius cinnamomeus,https://birdsoftheworld.org/bow/species/palhor4/,,,
Passeriformes,Hirundinidae,AVIBASE-466C01C2,pacswa4,Pacific Swallow,Hirundo javanica,https://birdsoftheworld.org/bow/species/pacswa1/,,,
Passeriformes,Furnariidae,AVIBASE-399DC574,buftuf3,Pacific Tuftedcheek,Pseudocolaptes johnsoni,https://birdsoftheworld.org/bow/species/buftuf3/,,,
Passeriformes,Acrocephalidae,AVIBASE-BBD2AC0C,pagrew1,Pagan Reed Warbler,Acrocephalus yamashinae,https://birdsoftheworld.org/bow/species/pagrew1/,,,
Passeriformes,Campephagidae,AVIBASE-D399D02C,cicada4,Palau Cicadabird,Edolisoma monacha,https://birdsoftheworld.org/bow/species/cicada4/,,,
Passeriformes,Corvidae,AVIBASE-D29583DE,slbcro7,Palawan Crow,Corvus pusillus,https://birdsoftheworld.org/bow/species/slbcro7/,,,
Passeriformes,Dicruridae,AVIBASE-57920319,paldro1,Palawan Drongo,Dicrurus palawanensis,https://birdsoftheworld.org/bow/species/paldro1/,,,
Passeriformes,Irenidae,AVIBASE-052BB649,asifab2,Palawan Fairy-bluebird,Irena tweeddalii,https://birdsoftheworld.org/bow/species/asifab2/,,,
Passeriformes,Nectariniidae,AVIBASE-29AC81C3,olbsun6,Palawan Sunbird,Cinnyris aurora,https://birdsoftheworld.org/bow/species/olbsun6/,,,
Passeriformes,Hirundinidae,AVIBASE-A97BDA84,,Pale Crag Martin,Ptyonoprogne obsoleta,https://birdsoftheworld.org/bow/species/rocmar1/,,,
Passeriformes,Pycnonotidae,AVIBASE-E68BC96B,sttbul2,Pale-eyed Bulbul,Pycnonotus davisoni,https://birdsoftheworld.org/bow/species/sttbul2/,,,
Passeriformes,Pycnonotidae,AVIBASE-9B0BF560,flabul3,Pale-faced Bulbul,Pycnonotus leucops,https://birdsoftheworld.org/bow/species/flabul3/,,,
Passeriformes,Furnariidae,AVIBASE-94499117,,Pale-tailed Canastero,Asthenes huancavelicae,,,,
Passeriformes,Pycnonotidae,AVIBASE-04E77EEF,,Pale-throated Greenbul,Atimastillas flavigula,https://birdsoftheworld.org/bow/species/patgre1/,,,
Passeriformes,Turdidae,AVIBASE-8CEAFB6E,,Papuan Island Thrush,Turdus papuensis,https://birdsoftheworld.org/bow/species/papist1/,,,
Passeriformes,Vireonidae,AVIBASE-14749B46,tacgre3,Para Greenlet,Tunchiornis rubrifrons,,,,
Passeriformes,Corvidae,AVIBASE-AC7128AC,labcro15,Philippine Jungle Crow,Corvus philippinus,https://birdsoftheworld.org/bow/species/labcro15/,,,
Passeriformes,Muscicapidae,AVIBASE-BCB949A5,whbsho7,Philippine Shortwing,Brachypteryx poliogyna,https://birdsoftheworld.org/bow/species/whbsho7/,,,
Passeriformes,Dicaeidae,AVIBASE-2A0A1DE3,mistle2,Pink-breasted Flowerpecker,Dicaeum keiense,https://birdsoftheworld.org/bow/species/pibflo1/,,,
Passeriformes,Furnariidae,AVIBASE-35F28244,lotwoo3,Piping Long-tailed Woodcreeper,Deconychura typica,https://birdsoftheworld.org/bow/species/lotwoo3/,,,
Passeriformes,Thraupidae,AVIBASE-9F3E8DF6,bkehem1,Piura Hemispingus,Sphenopsis piurae,,,,
Passeriformes,Furnariidae,AVIBASE-C9C15885,ruftho3,Plain Thornbird,Phacellodomus inornatus,https://birdsoftheworld.org/bow/species/ruftho3/,,,
Passeriformes,Alaudidae,AVIBASE-E944B680,,Plains Lark,Corypha kabalii,,,,
Passeriformes,Alaudidae,AVIBASE-34A04B56,runlar7,Plateau Lark,Corypha nigrescens,https://birdsoftheworld.org/bow/species/runlar7/,,,
Passeriformes,Campephagidae,AVIBASE-1B55137E,cicada3,Pohnpei Cicadabird,Edolisoma insperatum,https://birdsoftheworld.org/bow/species/cicada3/,,,
Passeriformes,Fringillidae,AVIBASE-9AC8AEA8,poouli,Poo-uli,Melamprosops phaeosoma,https://birdsoftheworld.org/bow/species/poouli/,,,
Passeriformes,Fringillidae,AVIBASE-DF48C724,anteup3,Puerto Rican Euphonia,Chlorophonia sclateri,https://birdsoftheworld.org/bow/species/anteup3/,,,
Passeriformes,Motacillidae,AVIBASE-19455D26,shbpip3,Puna Pipit,Anthus brevirostris,https://birdsoftheworld.org/bow/species/shbpip3/,,,
Passeriformes,Muscicapidae,AVIBASE-90473B60,refblu2,Qilian Bluetail,Tarsiger albocoeruleus,https://birdsoftheworld.org/bow/species/refblu2/,,,
Passeriformes,Ploceidae,AVIBASE-ECE36984,rehwea3,Red Weaver,Anaplectes jubaensis,https://birdsoftheworld.org/bow/species/rehwea3/,,,
Passeriformes,Ploceidae,AVIBASE-6A1F6033,recwid2,Red-cowled Widowbird,Euplectes laticauda,https://birdsoftheworld.org/bow/species/recwid2/,,,
Passeriformes,Timaliidae,AVIBASE-225EC685,,Red-eyed Scimitar Babbler,Erythrogenys imberbis,https://birdsoftheworld.org/bow/species/reescb1/,,,
Passeriformes,Hirundinidae,AVIBASE-A85102D3,,Red-throated Rock Martin,Ptyonoprogne rufigula,https://birdsoftheworld.org/bow/species/rocmar4/,,,
Passeriformes,Meliphagidae,AVIBASE-F1708B0F,dusmyz3,Red-tinged Myzomela,Myzomela rubrotincta,https://birdsoftheworld.org/bow/species/dusmyz3/,,,
Passeriformes,Alaudidae,AVIBASE-5F213A7D,,Red-winged Lark,Corypha hypermetra,https://birdsoftheworld.org/bow/species/rewlar1/,,,
Passeriformes,Meliphagidae,AVIBASE-67493A7E,redmyz3,Reddish Myzomela,Myzomela erythrina,https://birdsoftheworld.org/bow/species/redmyz3/,,,
Passeriformes,Acanthizidae,AVIBASE-72D0BE6E,fatger3,Rennell Gerygone,Gerygone citrina,https://birdsoftheworld.org/bow/species/fatger3/,,,
Passeriformes,Zosteropidae,AVIBASE-70452AB9,robwhe1,Robust White-eye,Zosterops strenuus,https://birdsoftheworld.org/bow/species/robwhe1/,,,
Passeriformes,Sturnidae,AVIBASE-C66353E1,rodsta2,Rodrigues Starling,Necropsar rodericanus,https://birdsoftheworld.org/bow/species/rodsta2/,,,
Passeriformes,Cardinalidae,AVIBASE-5DABDBB9,robcha3,Rose-bellied Chat,Granatellus paraensis,,,,
Passeriformes,Campephagidae,AVIBASE-D3CA1D45,comcic5,Rossel Cicadabird,Edolisoma rostratum,https://birdsoftheworld.org/bow/species/comcic5/,,,
Passeriformes,Tyrannidae,AVIBASE-F61CF239,roltyr3,Rough-legged Tyrannulet,Acrochordopus burmeisteri,https://birdsoftheworld.org/bow/species/roltyr3/,,,
Passeriformes,Tyrannidae,AVIBASE-A3E31B1F,brcfly3,Rufescent Flycatcher,Myiophobus rufescens,https://birdsoftheworld.org/bow/species/brcfly3/,,,
Passeriformes,Troglodytidae,AVIBASE-99A2DDD7,runwre4,Rufous-backed Wren,Campylorhynchus capistratus,https://birdsoftheworld.org/bow/species/runwre4/,,,
Passeriformes,Muscicapidae,AVIBASE-A9493977,bubfly2,Rufous-breasted Blue Flycatcher,Cyornis camarinensis,https://birdsoftheworld.org/bow/species/bubfly2/,,,
Passeriformes,Tyrannidae,AVIBASE-11773DB9,bnbcht2,Rufous-browed Chat-Tyrant,Ochthoeca superciliosa,https://birdsoftheworld.org/bow/species/bnbcht2/,,,
Passeriformes,Cisticolidae,AVIBASE-0BF01CE3,bktpri2,Rufous-crowned Prinia,Prinia khasiana,https://birdsoftheworld.org/bow/species/bktpri2/,,,
Passeriformes,Vireonidae,AVIBASE-93AB2A90,tacgre4,Rufous-fronted Greenlet,Tunchiornis ferrugineifrons,,,,
Passeriformes,Alaudidae,AVIBASE-EB9CE6A2,,Rufous-naped Lark,Corypha africana,,,,
Passeriformes,Alaudidae,AVIBASE-F90063D3,runlar2,Russet Lark,Corypha sharpii,https://birdsoftheworld.org/bow/species/runlar2/,,,
Passeriformes,Troglodytidae,AVIBASE-E664FCBD,runwre3,Russet-naped Wren,Campylorhynchus humilis,https://birdsoftheworld.org/bow/species/runwre3/,,,
Passeriformes,Muscicapidae,AVIBASE-19ADEF8A,rebwhe3,Rusty-breasted Wheatear,Oenanthe frenata,https://birdsoftheworld.org/bow/species/rebwhe3/,,,
Passeriformes,Ploceidae,AVIBASE-70B92675,ruvwea1,Ruvu Weaver,Ploceus holoxanthus,https://birdsoftheworld.org/bow/species/ruvwea1/,,,
Passeriformes,Nectariniidae,AVIBASE-955B9257,olbsun2,Sahul Sunbird,Cinnyris frenatus,https://birdsoftheworld.org/bow/species/olbsun2/,,,
Passeriformes,Corvidae,AVIBASE-043895D6,slbcro6,Samar Crow,Corvus samarensis,https://birdsoftheworld.org/bow/species/slbcro6/,,,
Passeriformes,Turdidae,AVIBASE-CED135E8,islthr30,Samoan Island Thrush,Turdus samoensis,https://birdsoftheworld.org/bow/species/islthr30/,,,
Passeriformes,Maluridae,AVIBASE-859AB539,sangra1,Sandhill Grasswren,Amytornis oweni,https://birdsoftheworld.org/bow/species/sangra1/,,,
Passeriformes,Campephagidae,AVIBASE-DDCCFE84,,Sangihe Cicadabird,Edolisoma salvadorii,https://birdsoftheworld.org/bow/species/sancic1/,,,
Passeriformes,Rhipiduridae,AVIBASE-01D2917F,sacfan1,Santa Cruz Fantail,Rhipidura melanolaema,https://birdsoftheworld.org/bow/species/sacfan1/,,,
Passeriformes,Pachycephalidae,AVIBASE-FF5968A9,rubwhi2,Selayar Whistler,Pachycephala teysmanni,https://birdsoftheworld.org/bow/species/rubwhi2/,,,
Passeriformes,Alaudidae,AVIBASE-D167A312,,Sentinel Lark,Corypha athi,https://birdsoftheworld.org/bow/species/senlar1/,,,
Passeriformes,Muscicapidae,AVIBASE-5F5CE177,shtaka2,Short-tailed Akalat,Sheppardia poensis,https://birdsoftheworld.org/bow/species/shtaka2/,,,
Passeriformes,Dicruridae,AVIBASE-F63C3F87,hacdro3,Short-tailed Drongo,Dicrurus striatus,https://birdsoftheworld.org/bow/species/hacdro3/,,,
Passeriformes,Sturnidae,AVIBASE-0F5360B9,aspsta7,Siamese Pied Myna,Gracupica floweri,https://birdsoftheworld.org/bow/species/aspsta7/,,,
Passeriformes,Hirundinidae,AVIBASE-535F7C54,comhom2,Siberian House Martin,Delichon lagopodum,https://birdsoftheworld.org/bow/species/comhom2/,,,
Passeriformes,Sittidae,AVIBASE-B6B17E4A,eurnut6,Siberian Nuthatch,Sitta arctica,https://birdsoftheworld.org/bow/species/eurnut6/,,,
Passeriformes,Motacillidae,AVIBASE-CEF9CA9D,sibpip1,Siberian Pipit,Anthus japonicus,https://birdsoftheworld.org/bow/species/sibpip1/,,,
Passeriformes,Corvidae,AVIBASE-5E184D07,slbcro5,Sierra Madre Crow,Corvus sierramadrensis,https://birdsoftheworld.org/bow/species/slbcro5/,,,
Passeriformes,Icteridae,AVIBASE-C19704C9,slbgra1,Slender-billed Grackle,Quiscalus palustris,https://birdsoftheworld.org/bow/species/slbgra1/,,,
Passeriformes,Petroicidae,AVIBASE-978ECDF0,pacrob3,Solomons Robin,Petroica polymorpha,https://birdsoftheworld.org/bow/species/pacrob3/,,,
Passeriformes,Rhipiduridae,AVIBASE-587DF391,sorfan1,Solomons Rufous Fantail,Rhipidura rufofronta,https://birdsoftheworld.org/bow/species/sorfan1/,,,
Passeriformes,Alaudidae,AVIBASE-74DEDA0A,,Somali Lark,Corypha somalica,https://birdsoftheworld.org/bow/species/slblar1/,,,
Passeriformes,Callaeidae,AVIBASE-E35FC5B7,kokako4,South Island Kokako,Callaeas cinereus,https://birdsoftheworld.org/bow/species/kokako4/,,,
Passeriformes,Oriolidae,AVIBASE-65FAB387,soipio1,South Island Piopio,Turnagra capensis,https://birdsoftheworld.org/bow/species/soipio1/,,,
Passeriformes,Campephagidae,AVIBASE-3AD1D700,comcic11,South Moluccan Cicadabird,Edolisoma amboinense,https://birdsoftheworld.org/bow/species/comcic11/,,,
Passeriformes,Nectariniidae,AVIBASE-10F11D12,olbsun1,South Moluccan Sunbird,Cinnyris clementiae,https://birdsoftheworld.org/bow/species/olbsun1/,,,
Passeriformes,Troglodytidae,AVIBASE-A41F1360,houwre4,Southern House Wren,Troglodytes musculus,https://birdsoftheworld.org/bow/species/houwre4/,,,
Passeriformes,Corvidae,AVIBASE-2AF8ECCE,eurnut4,Southern Nutcracker,Nucifraga hemispila,https://birdsoftheworld.org/bow/species/eurnut4/,,,
Passeriformes,Parulidae,AVIBASE-65AD203E,masyel5,Southern Yellowthroat,Geothlypis velata,https://birdsoftheworld.org/bow/species/masyel5/,,,
Passeriformes,Melanocharitidae,AVIBASE-23BC4AD7,spober3,Spotted Berrypecker,Melanocharis piperata,https://birdsoftheworld.org/bow/species/spober3/,,,
Passeriformes,Acanthizidae,AVIBASE-56DB5D90,whbscr3,Spotted Scrubwren,Sericornis maculatus,https://birdsoftheworld.org/bow/species/whbscr3/,,,
Passeriformes,Muscicapidae,AVIBASE-C5C6D2B5,whrsha5,Sri Lanka Shama,Copsychus leggei,https://birdsoftheworld.org/bow/species/whrsha5/,,,
Passeriformes,Mimidae,AVIBASE-D8F3F82C,whbthr4,St. Lucia Thrasher,Ramphocinclus sanctaeluciae,https://birdsoftheworld.org/bow/species/whbthr4/,,,
Passeriformes,Troglodytidae,AVIBASE-4A8563C9,houwre8,St. Lucia Wren,Troglodytes mesoleucus,https://birdsoftheworld.org/bow/species/houwre8/,,,
Passeriformes,Troglodytidae,AVIBASE-6C7445E2,houwre10,St. Vincent Wren,Troglodytes musicus,https://birdsoftheworld.org/bow/species/houwre10/,,,
Passeriformes,Thraupidae,AVIBASE-FCB3C477,bubmot1,Streak-crowned Mountain Tanager,Dubusia stictocephala,,,,
Passeriformes,Thamnophilidae,AVIBASE-1CBE36EF,bkcant1,Streak-fronted Antshrike,Sakesphorus pulchellus,,,,
Passeriformes,Thraupidae,AVIBASE-4226846A,tildac3,Streaked Dacnis,Xenodacnis petersi,,,,
Passeriformes,Fringillidae,AVIBASE-FB84DF4D,reisee3,Stripe-breasted Seedeater,Crithagra striatipectus,https://birdsoftheworld.org/bow/species/reisee3/,,,
Passeriformes,Pycnonotidae,AVIBASE-CB468573,sulgob3,Sula Golden Bulbul,Hypsipetes longirostris,https://birdsoftheworld.org/bow/species/sulgob3/,,,
Passeriformes,Turdidae,AVIBASE-3523C781,,Sula Island Thrush,Turdus deningeri,https://birdsoftheworld.org/bow/species/molist1/,,,
Passeriformes,Corvidae,AVIBASE-8403B0D8,slbcro12,Sulawesi Crow,Corvus celebensis,https://birdsoftheworld.org/bow/species/slbcro12/,,,
Passeriformes,Turdidae,AVIBASE-78866E60,,Sulawesi Island Thrush,Turdus schlegelii,https://birdsoftheworld.org/bow/species/walist1/,,,
Passeriformes,Phylloscopidae,AVIBASE-74ED769B,sulwar1,Sulawesi Leaf Warbler,Phylloscopus nesophilus,https://birdsoftheworld.org/bow/species/sulwar1/,,,
Passeriformes,Campephagidae,AVIBASE-0F0AF7E8,babcuc24,Sulu Cuckooshrike,Coracina guillemardi,https://birdsoftheworld.org/bow/species/babcuc24/,,,
Passeriformes,Muscicapidae,AVIBASE-990FA273,chtjuf3,Sulu Jungle Flycatcher,Cyornis ocularis,https://birdsoftheworld.org/bow/species/chtjuf3/,,,
Passeriformes,Muscicapidae,AVIBASE-33B043D5,sunrob2,Sumatran Blue Robin,Myiomela sumatrana,https://birdsoftheworld.org/bow/species/sunrob2/,,,
Passeriformes,Pycnonotidae,AVIBASE-5AD8890F,sunbul1,Sumatran Bulbul,Ixos sumatranus,https://birdsoftheworld.org/bow/species/sunbul1/,,,
Passeriformes,Dicaeidae,AVIBASE-0BCE71E0,fibflo5,Sumatran Flowerpecker,Dicaeum beccarii,https://birdsoftheworld.org/bow/species/fibflo5/,,,
Passeriformes,Muscicapidae,AVIBASE-EED638F3,whbsho9,Sumatran Shortwing,Brachypteryx saturata,https://birdsoftheworld.org/bow/species/whbsho9/,,,
Passeriformes,Dicaeidae,AVIBASE-0EC4EDBB,blbflo3,Sumba Flowerpecker,Dicaeum wilhelminae,https://birdsoftheworld.org/bow/species/blbflo3/,,,
Passeriformes,Muscicapidae,AVIBASE-B136588C,flojuf1,Sumba Jungle Flycatcher,Eumyias stresemanni,https://birdsoftheworld.org/bow/species/flojuf1/,,,
Passeriformes,Turdidae,AVIBASE-58C08CDC,,Sunda Island Thrush,Turdus javanicus,https://birdsoftheworld.org/bow/species/sunist1/,,,
Passeriformes,Timaliidae,AVIBASE-AA735A3A,chbscb2,Sunda Scimitar Babbler,Pomatorhinus bornensis,https://birdsoftheworld.org/bow/species/chbscb2/,,,
Passeriformes,Rhipiduridae,AVIBASE-A8281232,arafan2,Supertramp Fantail,Rhipidura semicollaris,https://birdsoftheworld.org/bow/species/arafan2/,,,
Passeriformes,Passerellidae,AVIBASE-B0DF25DD,slabru2,Taczanowski's Brushfinch,Atlapetes taczanowskii,https://birdsoftheworld.org/bow/species/slabru2/,,,
Passeriformes,Muscicapidae,AVIBASE-F23554C4,whbbur3,Taiwan Bush Robin,Tarsiger formosanus,https://birdsoftheworld.org/bow/species/whbbur3/,,,
Passeriformes,Pellorneidae,AVIBASE-A14D3117,pabill3,Tanzanian Illadopsis,Illadopsis distans,https://birdsoftheworld.org/bow/species/pabill3/,,,
Passeriformes,Furnariidae,AVIBASE-3055F349,tapscy2,Tapajos Scythebill,Campylorhamphus probatus,https://birdsoftheworld.org/bow/species/tapscy2/,,,
Passeriformes,Sturnidae,AVIBASE-21D04F26,norsta1,Tasman Starling,Aplonis fusca,https://birdsoftheworld.org/bow/species/norsta1/,,,
Passeriformes,Sturnidae,AVIBASE-0DC9A072,cohmyn2,Tenggara Hill Myna,Gracula venerata,https://birdsoftheworld.org/bow/species/cohmyn2/,,,
Passeriformes,Monarchidae,AVIBASE-18D4C1C6,blypaf3,Tenggara Paradise Flycatcher,Terpsiphone floris,https://birdsoftheworld.org/bow/species/blypaf3/,,,
Passeriformes,Pachycephalidae,AVIBASE-7649BB13,,Tenggara Whistler,Pachycephala calliope,https://birdsoftheworld.org/bow/species/rubwhi1/,,,
Passeriformes,Campephagidae,AVIBASE-CEA09219,,Timor Cicadabird,Edolisoma timoriense,https://birdsoftheworld.org/bow/species/timcic1/,,,
Passeriformes,Dicaeidae,AVIBASE-F5D63C6F,blbflo4,Timor Flowerpecker,Dicaeum hanieli,https://birdsoftheworld.org/bow/species/blbflo4/,,,
Passeriformes,Nectariniidae,AVIBASE-4780F291,olbsun23,Tukangbesi Sunbird,Cinnyris infrenatus,https://birdsoftheworld.org/bow/species/olbsun23/,,,
Passeriformes,Tyrannidae,AVIBASE-73E3CD29,tropew2,Tumbes Pewee,Contopus punensis,https://birdsoftheworld.org/bow/species/tropew2/,,,
Passeriformes,Tyrannidae,AVIBASE-3F1D228C,moctyr6,Tumbesian Tyrannulet,Nesotriccus tumbezanus,https://birdsoftheworld.org/bow/species/moctyr6/,,,
Passeriformes,Fringillidae,AVIBASE-E35F8B09,ulahaw,Ula-ai-hawane,Ciridops anna,https://birdsoftheworld.org/bow/species/ulahaw/,,,
Passeriformes,Pachycephalidae,AVIBASE-FD8721C0,temwhi3,Utupua Whistler,Pachycephala utupuae,https://birdsoftheworld.org/bow/species/temwhi3/,,,
Passeriformes,Turdidae,AVIBASE-BEA75AF5,,Vanuatu Island Thrush,Turdus vanikorensis,https://birdsoftheworld.org/bow/species/vanist1/,,,
Passeriformes,Rhipiduridae,AVIBASE-82A3600C,strfan2,Vanuatu Streaked Fantail,Rhipidura spilodera,https://birdsoftheworld.org/bow/species/strfan2/,,,
Passeriformes,Monarchidae,AVIBASE-22D63D8D,,Vella Lavella Monarch,Symposiachrus nigrotectus,https://birdsoftheworld.org/bow/species/velmon1/,,,
Passeriformes,Monarchidae,AVIBASE-13696ACB,,Velvet Flycatcher,Myiagra eichhorni,https://birdsoftheworld.org/bow/species/velfly1/,,,
Passeriformes,Pipridae,AVIBASE-7C28B33B,bucman1,Velvety Manakin,Lepidothrix velutina,https://birdsoftheworld.org/bow/species/bucman1/,,,
Passeriformes,Oriolidae,AVIBASE-C8FDA81D,datori7,Ventriloquial Oriole,Oriolus consobrinus,https://birdsoftheworld.org/bow/species/datori7/,,,
Passeriformes,Furnariidae,AVIBASE-161CC4DB,marspi1,Vilcabamba Spinetail,Cranioleuca weskei,,,,
Passeriformes,Sturnidae,AVIBASE-DDF650D1,vibsta4,Vinous-breasted Myna,Acridotheres leucocephalus,https://birdsoftheworld.org/bow/species/vibsta4/,,,
Passeriformes,Campephagidae,AVIBASE-6A0DA75B,babcuc5,Visayan Cuckooshrike,Coracina panayensis,https://birdsoftheworld.org/bow/species/babcuc5/,,,
Passeriformes,Zosteropidae,AVIBASE-EAA91476,wawwhe1,Wangi-wangi White-eye,Zosterops paruhbesar,https://birdsoftheworld.org/bow/species/wawwhe1/,,,
Passeriformes,Paramythiidae,AVIBASE-9F080815,creber3,Western Crested Berrypecker,Paramythia olivacea,https://birdsoftheworld.org/bow/species/creber3/,,,
Passeriformes,Thraupidae,AVIBASE-F1F78380,bkehem3,Western Hemispingus,Sphenopsis ochracea,,,,
Passeriformes,Tyrannidae,AVIBASE-5F178C08,olifla2,Western Olivaceous Flatbill,Rhynchocyclus aequinoctialis,https://birdsoftheworld.org/bow/species/olifla2/,,,
Passeriformes,Falcunculidae,AVIBASE-E3B00D11,cresht2,Western Shriketit,Falcunculus leucogaster,https://birdsoftheworld.org/bow/species/cresht2/,,,
Passeriformes,Furnariidae,AVIBASE-BD6ADDF5,strwoo5,Western Woodhaunter,Automolus virgatus,https://birdsoftheworld.org/bow/species/strwoo5/,,,
Passeriformes,Oriolidae,AVIBASE-997885E0,timori3,Wetar Oriole,Oriolus finschi,https://birdsoftheworld.org/bow/species/timori3/,,,
Passeriformes,Thraupidae,AVIBASE-513E1AA9,turtan3,White-bellied Tanager,Tangara brasiliensis,https://birdsoftheworld.org/bow/species/turtan3/,,,
Passeriformes,Muscicapidae,AVIBASE-8C978D58,whrsha16,White-crowned Shama,Copsychus stricklandii,https://birdsoftheworld.org/bow/species/whrsha16/,,,
Passeriformes,Tyrannidae,AVIBASE-DEDA2050,roltyr1,White-fronted Tyrannulet,Acrochordopus zeledoni,https://birdsoftheworld.org/bow/species/roltyr1/,,,
Passeriformes,Rhipiduridae,AVIBASE-0F995883,cocfan4,White-gorgeted Fantail,Rhipidura coultasi,https://birdsoftheworld.org/bow/species/cocfan4/,,,
Passeriformes,Tityridae,AVIBASE-8B9C1238,whttit2,White-tailed Tityra,Tityra leucura,https://birdsoftheworld.org/bow/species/whttit2/,,,
Passeriformes,Furnariidae,AVIBASE-A3156CA9,cubscy5,Xingu Scythebill,Campylorhamphus multostriatus,https://birdsoftheworld.org/bow/species/cubscy5/,,,
Passeriformes,Campephagidae,AVIBASE-85C08691,cicada5,Yap Cicadabird,Edolisoma nesiotis,https://birdsoftheworld.org/bow/species/cicada5/,,,
Passeriformes,Muscicapidae,AVIBASE-2455B82B,forrob4,Yellow-breasted Forest Robin,Stiphrornis mabirae,https://birdsoftheworld.org/bow/species/forrob4/,,,
Passeriformes,Pycnonotidae,AVIBASE-1D9175EA,lesbri3,Yellow-eyed Bristlebill,Bleda ugandae,https://birdsoftheworld.org/bow/species/lesbri3/,,,
Passeriformes,Cardinalidae,AVIBASE-F455871D,cartan2,Yellow-lored Tanager,Chlorothraupis frenata,https://birdsoftheworld.org/bow/species/cartan2/,,,
Passeriformes,Passerellidae,AVIBASE-94135968,pecspa2,Yellow-mandibled Sparrow,Arremon axillaris,,,,
Passeriformes,Pachycephalidae,AVIBASE-C5A3350D,fijwhi1,Yellow-throated Fiji Whistler,Pachycephala graeffii,https://birdsoftheworld.org/bow/species/fijwhi1/,,,
Passeriformes,Tyrannidae,AVIBASE-F822D4C3,yemfly2,Yellow-winged Flatbill,Tolmomyias flavotectus,https://birdsoftheworld.org/bow/species/yemfly2/,,,
Passeriformes,Parulidae,AVIBASE-A74E673E,thswar2,Yungas Warbler,Basileuterus punctipectus,https://birdsoftheworld.org/bow/species/thswar2/,,,
Piciformes,Picidae,AVIBASE-D0951D61,berfli1,Bermuda Flicker,Colaptes oceanicus,https://birdsoftheworld.org/bow/species/berfli1/,,,
Piciformes,Megalaimidae,AVIBASE-E3ADA3B1,buebar1,Blue-eared Barbet,Psilopogon cyanotis,https://birdsoftheworld.org/bow/species/buebar1/,,,
Piciformes,Picidae,AVIBASE-C1941D4D,burwoo1,Buff-rumped Woodpecker,Meiglyptes grammithorax,https://birdsoftheworld.org/bow/species/burwoo1/,,,
Piciformes,Lybiidae,AVIBASE-80BC978E,yebbar5,Eastern Yellow-billed Barbet,Trachylaemus purpuratus,https://birdsoftheworld.org/bow/species/yebbar5/,,,
Piciformes,Picidae,AVIBASE-D0A5FADB,tulwoo3,Fine-banded Woodpecker,Campethera taeniolaema,https://birdsoftheworld.org/bow/species/tulwoo3/,,,
Piciformes,Picidae,AVIBASE-1661C375,norfli1,Guatemalan Flicker,Colaptes mexicanoides,https://birdsoftheworld.org/bow/species/norfli1/,,,
Piciformes,Picidae,AVIBASE-8AE05AA7,grefla4,Malabar Flameback,Chrysocolaptes socialis,https://birdsoftheworld.org/bow/species/grefla4/,,,
Piciformes,Picidae,AVIBASE-E5515964,crbwoo7,Necklaced Woodpecker,Dryobates pernyii,https://birdsoftheworld.org/bow/species/crbwoo7/,,,
Piciformes,Lybiidae,AVIBASE-E01F4BD7,,Northern Red-fronted Tinkerbird,Pogoniulus uropygialis,https://birdsoftheworld.org/bow/species/reftin1/,,,
Piciformes,Ramphastidae,AVIBASE-F15523C6,,Pale-mandibled Aracari,Pteroglossus erythropygius,,,,
Piciformes,Capitonidae,AVIBASE-080577D1,sirbar1,Sira Barbet,Capito fitzpatricki,https://birdsoftheworld.org/bow/species/sirbar1/,,,
Piciformes,Picidae,AVIBASE-DA98191C,crbwoo4,Splendid Woodpecker,Campephilus splendens,,,,
Piciformes,Lybiidae,AVIBASE-548EE951,,Western Yellow-billed Barbet,Trachylaemus goffinii,https://birdsoftheworld.org/bow/species/yebbar1/,,,
Strigiformes,Tytonidae,AVIBASE-4D590808,,American Barn Owl,Tyto furcata,,,,
Strigiformes,Strigidae,AVIBASE-5DB57235,sulsco5,Banggai Scops Owl,Otus mendeni,https://birdsoftheworld.org/bow/species/sulsco5/,,,
Strigiformes,Strigidae,AVIBASE-E553A88E,bswowl1,Bermuda Saw-whet Owl,Aegolius gradyi,https://birdsoftheworld.org/bow/species/bswowl1/,,,
Strigiformes,Tytonidae,AVIBASE-9E668317,,Eastern Barn Owl,Tyto javanica,https://birdsoftheworld.org/bow/species/eabowl1/,,,
Strigiformes,Strigidae,AVIBASE-733CBE2A,fraeao1,Fraser's Eagle-Owl,Ketupa poensis,https://birdsoftheworld.org/bow/species/fraeao1/,,,
Strigiformes,Strigidae,AVIBASE-8FB53639,solboo2,Guadalcanal Owl,Athene granti,https://birdsoftheworld.org/bow/species/solboo2/,,,
Strigiformes,Strigidae,AVIBASE-1F14F0A8,lauowl1,Laughing Owl,Ninox albifacies,https://birdsoftheworld.org/bow/species/lauowl1/,,,
Strigiformes,Strigidae,AVIBASE-15F7CE4C,grhowl2,Lesser Horned Owl,Bubo magellanicus,https://birdsoftheworld.org/bow/species/grhowl2/,,,
Strigiformes,Strigidae,AVIBASE-AB7D1006,solboo4,Makira Owl,Athene roseoaxillaris,https://birdsoftheworld.org/bow/species/solboo4/,,,
Strigiformes,Strigidae,AVIBASE-B901A687,solboo3,Malaita Owl,Athene malaitae,https://birdsoftheworld.org/bow/species/solboo3/,,,
Strigiformes,Strigidae,AVIBASE-653134CC,mausco1,Mauritius Scops Owl,Otus sauzieri,https://birdsoftheworld.org/bow/species/mausco1/,,,
Strigiformes,Strigidae,AVIBASE-C6277A45,prisco1,Principe Scops Owl,Otus bikegila,https://birdsoftheworld.org/bow/species/prisco1/,,,
Strigiformes,Strigidae,AVIBASE-42F88785,reusco1,Reunion Scops Owl,Otus grucheti,https://birdsoftheworld.org/bow/species/reusco1/,,,
Strigiformes,Strigidae,AVIBASE-180ED7CC,rodsco1,Rodrigues Scops Owl,Otus murivorus,https://birdsoftheworld.org/bow/species/rodsco1/,,,
Strigiformes,Strigidae,AVIBASE-2ED1B123,souboo3,Tasmanian Boobook,Ninox leucopsis,https://birdsoftheworld.org/bow/species/souboo3/,,,
Strigiformes,Strigidae,AVIBASE-20687BEA,solboo1,West Solomons Owl,Athene jacquinoti,https://birdsoftheworld.org/bow/species/solboo1/,,,
Strigiformes,Strigidae,AVIBASE-B4C59425,molsco2,Wetar Scops Owl,Otus tempestatis,https://birdsoftheworld.org/bow/species/molsco2/,,,
